1,Winnifred,14
2,Heddi,54
3,Penn,66
4,Nollie,18
5,Si,10
6,Marita,64
7,Kiah,54
8,Loree,55
9,Ferdinande,74
10,Benedikt,65
11,Colline,32
12,Lyell,16
13,Agnella,19
14,Erich,36
15,Nate,38
16,Selestina,43
17,Gretchen,14
18,Hamlen,62
19,Elonore,55
20,Valentin,47
21,Silvan,28
22,Elvin,5
23,Corliss,70
24,Renell,65
25,Vonnie,27
26,Dehlia,60
27,Hiram,86
28,Marylou,54
29,Morgen,70
30,Arty,49
31,Addie,26
32,Nichol,99
33,Iris,36
34,Peta,65
35,Gerrilee,88
36,Sinclair,98
37,Svend,3
38,Arden,4
39,Kevina,6
40,Agretha,48
41,Valentia,6
42,Theodosia,32
43,Simon,65
44,Hailee,18
45,Estevan,10
46,Moss,2
47,Claresta,36
48,Glynnis,44
49,Boot,76
50,Nonah,62
51,Philip,59
52,Marybeth,92
53,Guillermo,58
54,Laverne,5
55,Erika,5
56,Shaine,27
57,Lonnie,55
58,Olympia,94
59,Theobald,28
60,Roxie,67
61,Cameron,79
62,Bren,22
63,Marabel,63
64,Stevie,60
65,Obediah,80
66,Hannah,92
67,Kimberlyn,82
68,Carolin,13
69,Randie,26
70,Eddi,58
71,Laurice,38
72,Rodd,94
73,Briano,35
74,Layney,49
75,Lucila,57
76,Elvyn,12
77,Pancho,2
78,Jerry,83
79,Amalie,63
80,Burty,80
81,Jessamine,8
82,Jefferey,38
83,Roberta,44
84,Stevana,15
85,Niall,3
86,Bendix,35
87,Georgianna,53
88,Mab,87
89,Cheryl,44
90,Dwayne,100
91,Darnell,74
92,Leicester,75
93,Barry,18
94,Morna,13
95,Artie,56
96,Ryun,54
97,Hayward,96
98,Osmund,44
99,Merlina,5
100,Isaak,28
101,Starr,2
102,Mollie,98
103,Constantin,13
104,Meara,24
105,Maximilien,28
106,Joni,54
107,Ernie,21
108,Eula,75
109,Jaime,21
110,Josephina,13
111,Ingra,82
112,Saree,40
113,Sally,64
114,Eddy,57
115,Orlan,74
116,Alfi,45
117,Sophronia,60
118,Hewie,1
119,Blondell,21
120,Alaine,47
121,Timofei,84
122,Wallie,31
123,Barclay,15
124,Mannie,90
125,Rozanna,7
126,Rodger,97
127,Emmalynne,14
128,Gilbertine,10
129,Ralph,44
130,Anita,75
131,Perl,30
132,Bamby,16
133,Nolly,48
134,Carolynn,33
135,Ignacius,58
136,Harwilll,85
137,Afton,45
138,Bailey,27
139,Jilly,81
140,Katerine,4
141,Janeta,68
142,Agnella,82
143,Pietrek,42
144,Diarmid,26
145,Melessa,95
146,Wilmar,71
147,Hewitt,67
148,Glenda,35
149,Allene,7
150,Andree,66
151,Ulrica,14
152,Fae,74
153,Bob,87
154,Binnie,97
155,Grete,6
156,Micky,9
157,Andrei,87
158,Jeri,35
159,Vale,3
160,Audie,22
161,Cathrine,92
162,Fae,98
163,Deonne,45
164,Hy,98
165,Leah,18
166,Billye,28
167,Orv,77
168,Elonore,49
169,Sabrina,37
170,Clerissa,6
171,Israel,83
172,Hardy,70
173,Teddie,99
174,Berthe,78
175,Zaria,99
176,Yul,100
177,Curry,13
178,Suzann,45
179,Brooks,72
180,Fidelio,20
181,Avivah,29
182,Jacquelyn,61
183,Verene,98
184,Derril,80
185,Bobina,79
186,Cornelle,75
187,Edita,14
188,Terence,13
189,Bunni,13
190,Wini,56
191,Fitzgerald,82
192,Meryl,95
193,Cinda,77
194,Sigfrid,70
195,Titus,64
196,Alden,90
197,Clerc,49
198,Forster,34
199,Ev,67
200,Morgan,15
201,Carol,47
202,Loni,65
203,Cora,18
204,Burnaby,6
205,Octavius,14
206,Orsa,22
207,Nora,67
208,Gussie,36
209,Dodi,89
210,Gustaf,22
211,Charline,63
212,Priscella,54
213,Del,54
214,Cliff,91
215,Melodee,86
216,Kenn,91
217,Creight,15
218,Reba,40
219,Lyndy,32
220,Isiahi,81
221,Ethelda,61
222,Karlotte,72
223,Holmes,82
224,Cary,73
225,Virginie,89
226,Sunshine,42
227,Lia,32
228,Bevin,54
229,Basilio,88
230,Vlad,35
231,Hilliard,90
232,Ilyse,57
233,Nollie,73
234,Evey,80
235,Cheryl,38
236,Hagen,27
237,Harbert,17
238,Niki,93
239,Westbrooke,73
240,Danita,4
241,Lonnard,58
242,Flossy,59
243,Dall,3
244,Isaiah,87
245,Shell,27
246,Nanine,85
247,Rutherford,70
248,Dorian,72
249,Farris,25
250,Dinny,39
251,Rudolf,74
252,Shepperd,19
253,Cara,54
254,Alexi,45
255,Genevieve,63
256,Marlee,12
257,Ingar,23
258,Reinaldos,76
259,Loria,87
260,Yanaton,91
261,Elvira,35
262,Vivi,72
263,Merrill,25
264,Helenka,95
265,Jacobo,66
266,Jacki,12
267,Dalton,39
268,Brook,14
269,Bettye,55
270,Fionna,67
271,Drud,30
272,Maurizio,17
273,Burtie,65
274,Sofie,10
275,Marlon,90
276,Granger,64
277,Carleton,12
278,Diarmid,41
279,Abeu,94
280,Glynis,53
281,Marysa,52
282,Kurt,7
283,Evy,43
284,Donovan,26
285,Harmon,42
286,Andie,59
287,Ferdie,54
288,Auroora,24
289,Dore,6
290,Dall,91
291,Chevy,37
292,Callie,35
293,Noam,95
294,Aprilette,98
295,Elizabet,13
296,Sarette,31
297,Allan,41
298,Janine,11
299,Nicoline,19
300,Cly,99
301,Willette,57
302,Marlena,15
303,Rosalinde,14
304,Randie,78
305,Ardyce,74
306,Benjamin,56
307,Micheal,75
308,Zonda,12
309,Aubrie,92
310,Grantley,91
311,Everett,73
312,Twila,2
313,Dorian,89
314,Rafaelia,9
315,Gearard,90
316,Atalanta,25
317,Robert,77
318,Waiter,50
319,Adelle,16
320,Bernie,65
321,Farra,6
322,Gale,37
323,Boyce,98
324,Abraham,70
325,Gwenny,49
326,Alikee,31
327,Jephthah,75
328,Aarika,28
329,Wenona,41
330,Sam,77
331,Charlene,85
332,Wendye,75
333,Kipper,79
334,Meryl,16
335,Gustaf,22
336,Rae,1
337,Pembroke,15
338,Mal,20
339,Sybila,67
340,Kele,51
341,Bond,64
342,Kinsley,53
343,Elfrida,91
344,Brietta,21
345,Cristabel,73
346,Traver,12
347,Herold,98
348,Anne-corinne,24
349,Thorn,32
350,Anabella,96
351,Bonni,57
352,Holly,85
353,Taryn,93
354,Corene,55
355,Ivan,34
356,Dickie,53
357,Nanette,45
358,Darya,39
359,Kettie,74
360,Moe,40
361,Robinetta,72
362,Cassie,21
363,Danni,18
364,Marie,36
365,Nolana,87
366,Saunders,98
367,Ade,75
368,Giselbert,48
369,Ardine,27
370,Raine,90
371,Nelli,77
372,Rooney,7
373,Sharl,9
374,Codi,11
375,Pedro,86
376,Randa,80
377,Andreas,24
378,Bili,71
379,Sandra,37
380,Tyson,96
381,Johnnie,63
382,Alix,99
383,Odie,91
384,Edgar,35
385,Hermann,15
386,Jamil,25
387,Shay,4
388,Obie,34
389,Mariam,65
390,Chester,91
391,Dynah,16
392,Verge,58
393,Carlota,49
394,Slade,27
395,Gilbert,9
396,Phip,74
397,Netta,10
398,Bendick,37
399,Jessalin,95
400,Sumner,36
401,Elyssa,78
402,Herschel,31
403,Maitilde,69
404,Tiffanie,46
405,Konstanze,58
406,Howey,68
407,Darbee,90
408,Corty,13
409,Shaylyn,98
410,Marianna,8
411,Danice,66
412,Beau,100
413,Sheree,27
414,Anastasie,59
415,Rosabella,47
416,Audie,83
417,Lorrie,35
418,Hewitt,19
419,Valeria,78
420,Mada,79
421,Enrico,84
422,Rob,16
423,Harri,27
424,Jimmy,56
425,Fanny,73
426,Alica,81
427,Elfreda,67
428,Hunt,33
429,Marv,50
430,Virgina,6
431,Cherish,60
432,Elmore,83
433,Kerry,19
434,Hew,32
435,Jemima,4
436,Elsie,54
437,Erv,11
438,Alec,45
439,Shurlock,54
440,Shelley,7
441,Roy,48
442,Saul,2
443,Hilton,94
444,Liva,64
445,Fanny,84
446,Forrester,17
447,Tresa,59
448,Lin,5
449,Gibbie,47
450,Chandra,61
451,Sanford,88
452,Celene,82
453,Tracie,53
454,Kailey,30
455,Rosina,3
456,Moll,38
457,Rosabelle,38
458,Jacobo,27
459,Teddy,48
460,Sammy,56
461,Eustace,38
462,Rhianon,77
463,Bennie,47
464,Druci,44
465,Joshua,24
466,Bart,11
467,Lenora,39
468,Doy,52
469,Abey,39
470,Lancelot,47
471,Libbey,74
472,Roanna,79
473,Adrian,81
474,Mignonne,99
475,Carlos,34
476,Ethelda,22
477,Sinclair,49
478,Clerissa,78
479,Noak,44
480,Roth,24
481,Marja,33
482,Alleyn,95
483,Geneva,7
484,Veronike,27
485,Gunilla,44
486,Fiorenze,38
487,Kaela,87
488,Dorolice,26
489,Rhianon,91
490,Winnie,51
491,Bari,100
492,Minnnie,83
493,Carlyn,55
494,Howie,28
495,Ignaz,91
496,Cameron,20
497,Andrea,88
498,Thurston,45
499,Mendie,83
500,Gaspard,15
501,Cinderella,52
502,Byran,62
503,Chance,61
504,Herbert,78
505,Jeanelle,31
506,Farand,77
507,Lillis,8
508,Valerye,96
509,Dede,29
510,Gayelord,77
511,Katharina,34
512,Annaliese,67
513,Arie,8
514,Rhona,5
515,Wynn,6
516,Joachim,91
517,Ancell,55
518,Phillie,84
519,Evangeline,3
520,Denney,97
521,Elissa,42
522,Hortense,5
523,Dwight,84
524,Jaquelin,66
525,Leontyne,99
526,Reece,95
527,Bunnie,61
528,Elane,61
529,Ibbie,98
530,Kalvin,1
531,Worden,89
532,Kaela,79
533,Erich,82
534,Kennett,27
535,Traver,30
536,Astrix,88
537,Darlene,52
538,Ibbie,11
539,Farrah,91
540,Marielle,17
541,Janos,87
542,Bevon,72
543,Arlen,36
544,Cordie,42
545,Bryce,16
546,Menard,77
547,Ruttger,9
548,Shandy,66
549,Ami,57
550,Cherilyn,33
551,Brittne,69
552,Temple,10
553,Myles,42
554,Corrina,26
555,Shelden,31
556,Lawton,67
557,Miles,96
558,Lynea,92
559,Beltran,73
560,Druci,99
561,Rickey,100
562,Riannon,67
563,Linnie,24
564,Vito,20
565,Vale,57
566,Deni,66
567,Kassie,33
568,Rusty,23
569,Phaidra,44
570,Belle,49
571,Gerrie,75
572,Huberto,79
573,Nikos,30
574,Jimmie,95
575,Emanuele,28
576,Mattheus,86
577,Peyton,70
578,Carrol,38
579,Sybilla,77
580,Guillaume,79
581,Maximilien,11
582,Jakob,53
583,Mac,87
584,Wilbur,42
585,Nickolai,91
586,Gerianna,37
587,Teresina,42
588,Teirtza,85
589,Willa,11
590,Cilka,38
591,Aleece,4
592,Catherine,81
593,Edin,99
594,Filide,100
595,Selie,83
596,Van,2
597,Bengt,77
598,Tadeas,38
599,Scott,5
600,Yasmin,100
601,Gardner,90
602,Derwin,71
603,Ruprecht,37
604,Brennen,69
605,Barn,6
606,Eric,99
607,Anders,6
608,Celestina,8
609,Eugenio,79
610,Whitney,74
611,Mahmud,80
612,Web,94
613,Worthington,21
614,Vinnie,20
615,Caryn,31
616,Kelly,83
617,Frederigo,64
618,Teriann,36
619,Arvie,48
620,Trip,39
621,Farleigh,46
622,Jena,65
623,Tammy,48
624,Christina,89
625,Ewan,5
626,Magdaia,38
627,Merrily,47
628,Arin,89
629,Aldrich,60
630,Johanna,17
631,Melody,88
632,Madelaine,84
633,Merl,58
634,Teresina,20
635,Deeyn,9
636,Joy,45
637,Ethelin,43
638,Toni,98
639,Fannie,40
640,Loraine,63
641,Lazar,76
642,Jacqui,87
643,Nert,66
644,Gelya,53
645,Emelen,98
646,Sinclair,69
647,Kaylee,15
648,Heddi,40
649,Jakob,42
650,Ettie,18
651,Tito,51
652,Benedicta,32
653,Shara,42
654,Granthem,1
655,Emmery,88
656,Christine,30
657,Seamus,5
658,Lionel,62
659,Justino,62
660,Mariejeanne,20
661,Bucky,85
662,Dalila,1
663,Hetti,10
664,Marylin,2
665,Neddy,47
666,Mae,71
667,Osborn,32
668,Hew,4
669,Alice,25
670,Brande,42
671,Mortimer,49
672,Fay,61
673,Perl,75
674,Edward,29
675,Dotti,87
676,Allix,4
677,Abelard,56
678,Carlene,22
679,Zarla,60
680,Enrica,9
681,Kaspar,92
682,Phylis,71
683,Cleopatra,40
684,Rufe,25
685,Dominga,28
686,Nathanil,55
687,Zack,44
688,Devora,21
689,Ethan,97
690,Brandy,95
691,Coreen,11
692,Eleanor,54
693,Ricca,64
694,Cooper,56
695,Rosalynd,34
696,Barby,48
697,Isabelita,69
698,Fraser,15
699,Alasteir,74
700,Kora,44
701,Letti,42
702,Chloette,94
703,Clarence,31
704,Wright,28
705,Martino,3
706,Brett,71
707,Alexei,58
708,Adrienne,97
709,Malory,14
710,Silvan,18
711,Trula,39
712,Arturo,45
713,Cherie,92
714,Dun,35
715,Caralie,26
716,Pen,53
717,Salvador,67
718,Lin,6
719,Adrianna,93
720,Meagan,74
721,Viv,27
722,Gavan,28
723,Iver,100
724,Brennen,52
725,Drusie,69
726,Chloette,60
727,Rice,4
728,Regine,78
729,Enid,54
730,Katrine,91
731,Sig,42
732,Melli,76
733,Rudy,35
734,Brendis,14
735,Stephen,22
736,Domeniga,73
737,Waldemar,78
738,Kenton,77
739,Zed,14
740,Fredelia,48
741,Jody,94
742,Maddy,87
743,Dene,66
744,Cynde,100
745,Ciel,98
746,Nilson,89
747,Sherilyn,2
748,Donaugh,54
749,Ilyssa,61
750,Lind,54
751,Ennis,10
752,Eryn,85
753,Dianemarie,13
754,Carma,44
755,Sigismondo,14
756,Delano,65
757,Isador,38
758,Frasco,80
759,Adeline,71
760,Nicola,50
761,Paton,79
762,Rabi,65
763,Cecily,58
764,Stanley,56
765,Any,93
766,Wynny,12
767,Todd,32
768,Tandy,41
769,Keelby,51
770,Iorgo,3
771,Tanny,48
772,Bertina,43
773,Dilly,16
774,Alfy,61
775,Carter,37
776,Gavrielle,1
777,Eleonora,100
778,Tabbitha,88
779,Sigrid,98
780,Elbertina,29
781,Fernanda,48
782,Giff,32
783,Nonie,13
784,Marketa,70
785,Carlos,6
786,Gerianna,35
787,Hubert,60
788,Flossie,97
789,Queenie,98
790,Elise,77
791,Halimeda,88
792,Domenic,65
793,Rasia,44
794,Lowell,51
795,Chelsie,46
796,Lilias,36
797,Garry,62
798,Sheryl,47
799,Saba,60
800,Jerrie,58
801,Reyna,7
802,Merrielle,36
803,Angelico,91
804,Florette,17
805,Terrie,1
806,Ophelia,59
807,Alicea,34
808,Jose,22
809,Shep,63
810,Teresa,46
811,Chrysler,42
812,Symon,88
813,Bradly,48
814,Allina,21
815,Kristin,36
816,Tabor,96
817,Dominik,60
818,Gregoor,58
819,Cori,57
820,Reilly,94
821,Lonni,77
822,Therese,92
823,Timmie,89
824,Bastian,29
825,Annabela,99
826,Lay,71
827,See,90
828,Zonnya,25
829,Karole,41
830,Roseann,81
831,Mabel,95
832,Van,88
833,Mavra,88
834,Arabella,64
835,Natalee,58
836,Miguela,72
837,Stuart,11
838,Sidonnie,80
839,Rutter,36
840,Arther,83
841,Shanan,48
842,Tamra,14
843,Brandice,91
844,Esmaria,63
845,Kennett,2
846,Dane,11
847,Bertha,91
848,Chancey,80
849,Gasper,2
850,Wilhelm,49
851,Dallas,82
852,Kimbell,2
853,Muire,67
854,Philippine,85
855,Haily,20
856,Kort,22
857,Valida,88
858,Cora,83
859,Bernard,67
860,Marje,57
861,Allister,54
862,Doro,36
863,Chauncey,75
864,Lemmy,51
865,Hestia,77
866,Batsheva,11
867,Piotr,47
868,Clementius,15
869,Flora,69
870,Brigid,58
871,Yolane,23
872,Bekki,91
873,Caritta,76
874,Alfonso,33
875,Fabe,73
876,Viole,82
877,Carmela,94
878,Farand,91
879,Allyson,44
880,Northrop,100
881,Liza,1
882,Philbert,3
883,Parsifal,13
884,Quinlan,74
885,Tore,64
886,Madelle,70
887,Etta,40
888,Antone,78
889,Kendra,22
890,Sax,79
891,Laura,24
892,Magdalena,75
893,Aubert,78
894,Manfred,29
895,Gustave,2
896,Cammy,43
897,Esra,5
898,Kirsteni,26
899,Jeno,16
900,Tybalt,7
901,Stephani,56
902,Tilda,80
903,Dian,73
904,Rutter,92
905,Daren,66
906,Gladys,42
907,Donall,47
908,Huntington,28
909,Mercy,95
910,Karyl,47
911,Robbi,62
912,Nicoli,87
913,Camilla,47
914,Max,18
915,Dwayne,48
916,Remington,53
917,Lucian,75
918,Conant,24
919,Jenica,9
920,Randene,84
921,Georgena,62
922,Judi,68
923,Elizabeth,43
924,Randolf,70
925,Emyle,50
926,Tynan,79
927,Annalee,90
928,Miner,31
929,Udell,19
930,Knox,20
931,Lanae,85
932,Jannelle,55
933,Kiah,81
934,Hyman,94
935,Claribel,29
936,Roobbie,73
937,Leighton,93
938,Jephthah,29
939,Clemente,39
940,Alphard,90
941,Ashlen,38
942,Barth,87
943,Lewes,42
944,Garrick,67
945,Mayor,69
946,Reiko,83
947,Bobbette,8
948,Libbey,45
949,Benjie,79
950,Penrod,58
951,Thoma,97
952,Sheila,59
953,Riley,46
954,Kelcy,61
955,Cedric,27
956,Palmer,5
957,Hilarius,47
958,Vanni,19
959,Dyanne,52
960,Oren,66
961,Sydney,69
962,Chrissie,77
963,Chaddy,60
964,Kerrie,1
965,Adina,31
966,Tomkin,100
967,Corabella,95
968,Crissie,31
969,Allan,41
970,Jillian,65
971,Jeanne,81
972,Jerome,20
973,Bing,98
974,Oliviero,15
975,Bert,51
976,Jobye,25
977,Faydra,11
978,Rubia,31
979,Durward,23
980,Kimberlyn,25
981,Maggy,72
982,Hatty,38
983,Margaretta,57
984,Abe,100
985,Addia,20
986,Cele,87
987,Bethany,51
988,Caresa,90
989,Jule,42
990,Enos,89
991,Idaline,58
992,Karel,24
993,Holli,82
994,Rudolfo,39
995,Eugen,81
996,Claiborn,53
997,Sargent,63
998,Malachi,92
999,Kyle,33
1000,Johnathon,56
